month,day,hour,current,abnormal
6,18,23,1.248,0
7,26,8,1.206,1
4,25,4,1.31,0
5,4,11,1.16,0
6,29,15,1.806,1
10,25,4,1.283,0
5,7,21,1.499,0
12,11,16,1.351,0
8,5,5,1.633,1
9,31,2,1.223,0
3,23,3,1.26,0
5,25,10,1.539,0
4,5,8,1.31,0
5,10,3,1.26,0
12,23,7,1.742,1
3,11,7,1.518,0
8,20,15,1.817,1
8,4,20,1.154,0
7,12,4,1.501,0
6,7,18,1.013,1
12,18,23,1.001,0
10,22,20,1.846,1
5,25,23,1.776,1
2,17,17,1.909,1
10,9,3,1.315,0
8,18,14,1.818,1
11,27,3,1.308,0
10,10,16,1.064,0
7,24,15,1.324,0
12,13,7,1.529,0
10,8,8,1.85,0
9,4,20,1.639,1
5,29,21,1.477,0
2,27,3,1.974,1
8,25,13,1.718,0
6,25,23,1.871,1
12,3,22,1.761,1
10,21,4,1.393,0
9,29,20,1.857,1
6,19,15,1.891,1
3,21,6,1.817,1
10,20,3,1.386,0
2,4,4,1.136,0
9,17,5,1.667,0
6,15,20,1.484,0
4,21,3,1.931,1
12,8,3,1.532,0
2,9,1,1.534,0
11,26,20,1.243,0
9,1,13,1.607,1
1,27,3,1.815,1
1,16,0,1.469,0
1,6,19,1.412,0
7,26,0,1.694,1
10,17,9,1.076,1
12,24,6,1.433,0
11,6,7,1.938,1
2,21,21,1.187,0
3,2,23,1.973,0
2,19,19,1.753,1
4,3,20,1.59,0
10,1,20,1.41,0
7,31,12,1.311,0
5,3,4,1.602,1
3,11,20,1.129,0
7,5,9,1.819,0
10,13,22,1.41,0
9,24,15,1.219,0
4,30,17,1.537,0
9,20,11,1.087,0
8,14,7,1.095,0
2,27,11,1.451,0
6,15,4,1.904,1
10,9,4,1.735,1
5,10,2,1.158,0
9,4,8,1.333,0
7,18,1,1.503,0
4,23,10,1.211,0
11,30,19,1.019,0
8,11,10,1.381,0
2,26,0,1.249,0
3,13,19,1.13,0
6,11,19,1.997,1
7,29,17,1.954,1
4,4,16,1.756,1
10,24,2,1.363,1
7,7,20,1.667,1
11,22,14,1.191,0
4,31,15,1.951,1
9,28,14,1.205,0
9,21,13,1.386,0
10,23,14,1.615,0
9,26,11,1.63,0
8,3,3,1.15,0
7,30,5,1.36,0
1,20,2,1.291,0
7,29,16,1.251,0
12,8,8,1.191,0
8,29,4,1.329,0
11,5,19,1.772,1
1,21,15,1.899,0
11,20,6,1.571,0
4,22,17,1.533,0
8,8,2,1.137,0
6,23,6,1.591,0
12,7,19,1.014,0
9,14,10,1.937,1
6,15,18,1.97,1
3,11,6,1.861,1
2,23,19,1.166,0
4,18,20,1.471,0
9,12,0,1.383,0
7,12,4,1.016,0
9,10,1,1.411,0
6,31,19,1.001,0
7,5,23,1.5,0
12,20,18,1.538,0
4,4,9,1.385,0
9,19,5,1.79,0
9,20,11,1.589,0
9,27,4,1.393,0
12,28,9,1.074,0
2,12,14,1.802,1
3,29,2,1.059,0
2,14,1,1.207,0
5,13,15,1.25,0
2,26,23,1.53,0
9,14,10,1.7,1
5,16,23,1.929,1
2,19,21,1.752,1
9,25,18,1.878,1
8,2,1,1.961,1
6,12,2,1.041,0
6,17,12,1.206,1
8,17,21,1.344,0
4,29,14,1.309,0
1,12,0,1.414,0
8,23,15,1.475,0
1,8,22,1.83,1
7,18,1,1.203,1
10,18,8,1.577,0
8,18,21,1.615,1
4,10,2,1.189,0
4,18,5,1.181,0
11,27,9,1.368,0
11,27,2,1.8,1
3,18,20,1.923,0
12,17,11,1.952,1
7,10,20,1.233,0
7,25,8,1.63,1
12,23,20,1.667,1
1,12,13,1.351,1
1,26,10,1.827,1
10,8,0,1.597,0
1,7,2,1.039,0
6,4,0,1.753,1
11,27,10,1.021,1
2,14,14,1.028,0
11,29,19,1.873,1
9,27,6,1.937,1
12,26,22,1.309,0
12,7,15,1.87,1
12,3,18,1.773,1
8,7,23,1.976,1
7,19,20,1.797,0
6,2,23,1.209,0
11,24,3,1.761,1
7,1,2,1.946,1
12,17,12,1.337,0
1,21,23,1.09,1
2,25,3,1.967,1
5,2,2,1.934,1
12,9,15,1.223,0
10,4,22,1.603,1
11,23,1,1.502,0
8,9,22,1.26,1
1,5,6,1.008,0
9,17,5,1.551,0
8,28,23,1.062,0
1,8,20,1.57,0
4,2,21,1.297,0
2,7,15,1.294,0
11,11,19,1.96,1
11,14,7,1.921,1
10,11,6,1.443,0
2,30,16,1.104,0
11,5,8,1.424,1
6,11,22,1.738,1
5,23,6,1.574,1
2,23,8,1.14,0
7,6,5,1.905,1
9,19,12,1.932,1
4,17,19,1.079,0
10,2,16,1.157,0
12,14,19,1.736,1
5,10,1,1.79,1
1,2,21,1.793,1
5,23,17,1.006,0
9,24,11,1.928,1
9,8,6,1.157,0
3,1,23,1.558,0
2,4,22,1.725,1
9,18,6,1.291,1
4,1,12,1.005,0
11,17,22,1.414,0
11,24,19,1.6,0
6,2,23,1.511,0
2,10,4,1.723,1
8,25,20,1.116,0
4,27,16,1.67,1
2,4,7,1.771,1
12,1,22,1.493,0
11,25,2,1.756,0
7,21,10,1.686,1
10,29,4,1.666,1
11,14,12,1.457,0
5,10,16,1.948,1
10,23,6,1.724,1
2,16,17,1.19,0
8,26,4,1.984,1
7,1,10,1.927,1
11,23,10,1.335,0
11,27,21,1.848,1
10,14,4,1.503,0
12,24,23,1.509,0
3,30,23,1.061,0
9,25,12,1.297,0
6,18,10,1.063,0
11,8,19,1.69,1
2,25,22,1.322,0
4,20,23,1.736,1
11,20,18,1.748,1
8,7,6,1.914,1
11,15,16,1.902,1
7,12,8,1.362,0
11,17,11,1.413,0
6,20,4,1.042,0
10,29,20,1.448,0
5,16,15,1.292,0
9,22,19,1.905,1
4,3,6,1.288,0
6,3,1,1.196,0
7,10,22,1.632,1
11,7,15,1.934,1
7,26,10,1.59,0
9,16,21,1.941,1
1,28,23,1.058,0
12,7,9,1.036,0
1,12,8,1.715,1
2,20,21,1.516,0
8,28,19,1.238,0
6,26,13,1.901,1
5,6,12,1.775,1
4,25,20,1.386,0
5,31,16,1.673,1
4,20,5,1.935,1
5,19,13,1.355,1
6,25,23,1.88,1
3,6,9,1.602,1
7,30,20,1.893,0
4,31,11,1.242,0
8,6,15,1.957,1
2,30,1,1.037,0
4,29,5,1.015,0
11,19,12,1.908,1
9,25,4,1.774,1
4,17,1,1.811,1
12,30,3,1.479,0
11,17,12,1.072,0
8,4,7,1.793,1
3,19,4,1.255,0
9,6,22,1.289,0
7,19,18,1.594,0
9,23,4,1.094,0
7,13,9,1.971,1
12,25,15,1.144,1
11,27,18,1.482,0
4,2,21,1.394,0
10,24,0,1.398,0
11,8,10,1.377,0
5,19,13,1.381,0
6,31,15,1.948,1
10,24,8,1.438,0
6,22,5,1.452,0
10,23,19,1.897,0
4,31,13,1.866,1
6,5,18,1.618,1
6,28,9,1.115,0
9,31,10,1.949,1
11,1,16,1.582,0
5,7,9,1.275,0
11,14,18,1.989,1
7,7,8,1.371,0
9,10,0,1.604,1
6,19,11,1.856,1
1,20,6,1.422,0
12,27,2,1.272,0
6,17,10,1.786,0
12,21,6,1.363,0
7,8,12,1.45,0
12,20,19,1.778,1
12,1,21,1.771,1
4,18,20,1.638,0
8,26,2,1.431,0
8,13,3,1.183,0
6,30,11,1.36,0
1,13,2,1.102,0
9,18,5,1.534,0
10,1,13,1.29,0
10,30,19,1.284,0
10,20,13,1.327,0
1,13,7,1.545,0
5,14,0,1.007,0
10,25,18,1.627,1
8,22,23,1.707,1
7,17,10,1.909,1
8,14,5,1.802,1
5,11,5,1.824,1
11,13,8,1.259,0
1,15,21,1.624,1
2,25,6,1.311,0
6,6,20,1.004,0
8,3,20,1.639,1
3,23,6,1.068,0
2,25,19,1.307,0
1,28,18,1.85,1
10,7,17,1.336,0
3,14,11,1.316,0
11,22,23,1.155,0
11,16,9,1.098,0
1,11,22,1.984,1
3,10,8,1.209,0
11,27,13,1.724,1
4,19,17,1.004,0
3,23,13,1.864,1
3,16,10,1.235,0
2,2,9,1.085,0
10,27,23,1.148,0
7,18,21,1.053,0
1,2,13,1.778,1
8,19,21,1.575,0
6,8,0,1.374,0
8,7,2,1.369,0
11,19,4,1.265,0
2,25,16,1.055,0
1,5,21,1.124,0
4,28,23,1.482,0
7,27,9,1.615,1
10,22,2,1.609,1
3,7,19,1.352,0
7,3,5,1.927,1
6,27,9,1.173,1
12,27,19,1.758,1
12,12,12,1.918,1
2,22,9,1.334,0
12,15,6,1.561,0
10,4,14,1.852,1
4,10,15,1.361,0
9,11,7,1.256,0
5,17,5,1.916,1
10,13,6,1.322,0
4,17,16,1.062,0
11,9,11,1.178,0
7,8,15,1.149,0
2,4,9,1.992,1
9,14,0,1.174,0
5,13,7,1.425,0
7,23,1,1.258,0
2,3,18,1.54,0
2,19,1,1.14,0
3,13,17,1.747,1
9,1,7,1.055,1
11,19,6,1.481,1
1,24,10,1.364,1
9,11,21,1.911,1
10,26,9,1.257,0
8,17,12,1.974,0
9,1,5,1.288,0
9,24,4,1.31,0
9,3,3,1.759,1
2,20,20,1.2,0
10,26,15,1.016,0
2,15,2,1.522,0
12,4,11,1.572,0
7,28,17,1.614,1
3,27,20,1.383,0
5,28,21,1.325,0
9,5,8,1.309,0
6,27,15,1.622,1
3,7,15,1.741,1
12,19,7,1.691,1
2,7,13,1.615,1
10,17,6,1.742,1
4,28,22,1.295,0
12,18,21,1.071,0
7,13,18,1.237,0
7,20,0,1.799,1
9,17,17,1.757,1
4,10,22,1.741,0
11,3,2,1.794,0
9,15,22,1.469,0
10,28,4,1.741,1
4,2,2,1.32,0
3,14,5,1.775,0
6,18,15,1.302,0
5,3,18,1.979,1
4,31,23,1.012,0
7,29,19,1.969,0
1,2,16,1.823,1
10,15,5,1.781,1
10,5,17,1.427,0
4,10,1,1.095,1
2,19,4,1.395,0
5,28,8,1.783,1
8,3,19,1.04,0
8,7,19,1.502,0
11,18,19,1.324,0
1,2,21,1.91,1
5,30,9,1.761,1
2,24,22,1.556,0
2,3,11,1.624,1
8,22,21,1.145,0
5,26,1,1.913,1
4,13,18,1.453,0
11,29,18,1.225,0
7,6,5,1.329,0
11,5,15,1.246,0
1,1,20,1.599,0
3,2,1,1.295,0
8,13,11,1.27,0
6,3,18,1.52,0
8,11,8,1.369,0
5,12,6,1.555,0
4,8,3,1.305,0
11,22,4,1.349,0
9,26,19,1.056,0
1,29,20,1.946,1
5,14,19,1.638,1
4,29,10,1.36,1
2,12,23,1.901,0
3,20,6,1.729,1
10,9,12,1.513,0
8,31,9,1.756,1
8,5,4,1.532,0
1,23,3,1.461,0
11,30,1,1.568,0
5,6,9,1.333,0
7,3,15,1.345,0
7,8,10,1.508,0
9,20,15,1.798,1
11,31,14,1.056,0
3,3,12,1.516,0
5,11,20,1.345,0
8,30,12,1.053,0
7,30,22,1.683,1
1,17,21,1.942,1
8,13,22,1.89,1
10,30,20,1.22,0
10,7,19,1.774,1
9,23,6,1.156,0
9,28,3,1.4,0
4,25,19,1.926,1
1,1,23,1.659,1
9,17,14,1.683,0
2,26,13,1.822,1
8,27,3,1.509,0
4,14,17,1.006,0
9,25,4,1.963,1
5,21,22,1.521,0
5,18,4,1.898,1
1,31,2,1.744,1
8,7,12,1.557,0
6,20,10,1.293,0
12,9,0,1.813,1
7,25,21,1.958,1
2,24,20,1.6,0
8,2,18,1.068,0
4,8,11,1.913,1
12,14,13,1.903,1
8,28,12,1.34,1
9,7,16,1.291,0
8,14,13,1.222,0
5,15,17,1.187,0
4,9,9,1.598,1
9,29,9,1.925,0
9,27,21,1.93,1
11,3,13,1.893,1
6,20,7,1.871,1
2,12,9,1.238,0
11,12,21,1.32,0
3,3,4,1.177,0
7,15,23,1.17,0
1,10,12,1.881,1
9,6,9,1.09,0
11,20,10,1.529,0
3,19,6,1.949,1
12,17,23,1.198,0
9,7,2,1.833,1
4,16,8,1.446,0
3,17,2,1.03,1
11,17,14,1.748,1
10,27,7,1.152,0
5,17,0,1.448,0
2,3,23,1.397,0
2,29,21,1.445,1
2,30,21,1.906,1
3,16,21,1.069,0
6,28,4,1.036,0
5,10,14,1.866,1
11,12,12,1.69,1
1,12,10,1.064,0
9,15,6,1.401,0
8,25,11,1.464,0
7,31,11,1.443,0
4,1,21,1.399,0
8,17,1,1.054,0
9,5,2,1.165,0
4,6,12,1.779,1
10,27,20,1.242,0
7,26,3,1.213,0
6,20,19,1.98,1
3,29,14,1.831,1
3,28,1,1.955,1
3,18,3,1.217,0
2,16,13,1.453,0
3,14,21,1.393,0
7,6,0,1.18,0
3,20,2,1.828,1
4,31,8,1.143,0
3,26,6,1.388,0
4,29,4,1.355,0
1,13,20,1.953,1
1,31,3,1.486,0
2,8,6,1.735,1
6,16,6,1.891,1
3,10,0,1.895,0
5,21,16,1.671,1
11,24,1,1.177,0
9,24,7,1.121,0
9,20,21,1.783,0
2,31,3,1.179,0
10,5,9,1.47,0
5,28,16,1.729,1
10,14,14,1.711,1
12,23,20,1.496,0
5,15,23,1.54,0
4,4,7,1.025,0
4,14,5,1.4,0
3,18,18,1.227,0
7,19,9,1.322,0
8,18,23,1.343,0
12,27,8,1.618,1
8,10,13,1.183,0
6,1,5,1.544,0
10,29,10,1.303,0
8,10,17,1.838,1
6,17,18,1.995,1
10,29,17,1.367,0
5,2,6,1.197,0
9,29,5,1.952,1
9,1,23,1.766,1
5,17,9,1.138,0
8,12,7,1.521,0
4,16,12,1.204,0
6,11,20,1.259,0
11,11,20,1.606,1
1,28,14,1.777,1
8,23,8,1.013,0
11,4,7,1.914,1
10,26,3,1.544,0
4,1,19,1.506,1
12,8,21,1.519,1
3,13,1,1.943,1
7,7,15,1.521,0
11,18,18,1.38,0
1,13,1,1.139,0
3,16,20,1.454,0
6,12,5,1.811,1
10,2,16,1.181,0
8,22,3,1.022,0
7,21,1,1.989,1
3,7,0,1.576,0
10,13,16,1.775,1
10,22,13,1.581,1
9,1,9,1.52,0
2,19,22,1.445,0
5,2,21,1.123,0
8,28,0,1.47,0
12,10,20,1.795,1
9,21,3,1.652,1
4,21,16,1.988,1
1,16,6,1.92,1
7,14,20,1.432,0
5,7,9,1.238,0
11,22,17,1.35,0
5,29,21,1.533,0
5,20,19,1.458,0
5,5,17,1.171,0
7,11,1,1.695,1
5,6,9,1.075,0
4,27,21,1.04,0
3,4,6,1.366,0
12,18,15,1.997,1
8,24,10,1.582,0
1,31,2,1.16,0
3,13,4,1.03,0
3,2,15,1.906,1
11,1,16,1.701,1
10,16,5,1.723,1
7,23,7,1.367,0
7,8,19,1.55,1
4,28,11,1.971,0
11,23,11,1.887,1
1,21,9,1.673,1
12,14,3,1.333,0
1,9,14,1.96,1
7,19,2,1.762,1
12,22,1,1.438,0
1,24,15,1.75,1
1,26,3,1.547,0
4,4,20,1.469,0
8,24,22,1.171,0
3,25,13,1.847,0
10,13,18,1.977,0
3,12,18,1.762,1
4,8,10,1.57,0
12,31,7,1.612,1
7,19,5,1.055,0
4,19,19,1.92,1
5,11,16,1.917,1
4,12,21,1.31,0
4,26,20,1.596,0
8,15,13,1.993,1
9,16,5,1.872,1
12,14,4,1.483,0
11,6,1,1.742,1
8,7,4,1.324,0
7,12,15,1.644,1
1,15,12,1.246,0
10,18,10,1.605,1
8,11,9,1.269,0
12,24,19,1.828,1
2,25,19,1.62,1
11,16,23,1.023,0
4,9,11,1.693,1
12,18,1,1.932,1
11,3,10,1.06,0
2,10,19,1.985,0
1,6,15,1.209,0
7,26,15,1.876,1
4,15,0,1.308,0
5,10,3,1.671,1
8,12,23,1.142,0
12,22,5,1.036,0
2,20,14,1.25,0
5,25,2,1.706,1
10,28,21,1.292,0
11,16,5,1.423,0
1,18,15,1.48,0
8,10,6,1.805,1
2,29,3,1.624,1
2,1,11,1.175,0
6,31,12,1.585,0
3,28,8,1.853,1
9,20,14,1.123,1
8,10,3,1.415,0
1,25,10,1.244,0
9,13,23,1.229,0
11,2,19,1.029,0
12,8,8,1.22,0
6,3,0,1.74,1
7,11,14,1.962,1
8,19,18,1.657,1
4,3,9,1.039,0
4,12,16,1.915,1
9,14,13,1.566,0
9,22,2,1.667,1
3,13,15,1.722,1
8,4,14,1.996,1
3,26,21,1.189,0
7,29,6,1.454,0
11,3,5,1.412,0
2,21,17,1.158,0
7,12,22,1.582,1
2,9,23,1.273,0
3,22,1,1.156,0
6,21,12,1.658,1
9,17,15,1.503,0
11,1,9,1.304,0
12,8,9,1.311,0
6,7,11,1.708,1
12,7,21,1.534,1
11,20,18,1.079,1
2,24,16,1.166,1
5,18,9,1.337,0
4,20,14,1.583,1
10,28,17,1.407,0
2,21,12,1.764,1
1,11,2,1.977,1
10,17,9,1.543,0
7,12,7,1.261,0
11,20,2,1.151,1
9,16,11,1.395,1
3,17,4,1.121,0
7,1,21,1.692,0
2,9,9,1.651,1
2,14,4,1.929,1
4,12,2,1.474,0
7,25,16,1.512,0
10,17,17,1.671,1
1,1,19,1.241,0
8,14,8,1.161,0
4,4,1,1.76,1
8,12,9,1.105,0
11,9,15,1.014,0
11,31,16,1.189,0
8,14,16,1.91,1
7,12,2,1.092,0
11,29,22,1.067,1
3,11,18,1.576,0
8,3,10,1.011,1
6,22,8,1.434,0
11,18,21,1.474,0
4,31,10,1.978,1
10,6,14,1.973,1
10,3,0,1.943,1
11,4,18,1.451,0
10,25,12,1.598,0
5,15,15,1.248,0
1,29,1,1.602,1
10,6,13,1.756,1
10,1,20,1.937,1
9,13,9,1.656,1
5,19,18,1.093,0
12,15,22,1.078,0
9,8,18,1.718,1
9,3,9,1.926,1
1,31,2,1.712,1
5,20,20,1.561,0
7,15,8,1.101,0
2,8,23,1.378,0
3,5,11,1.256,0
12,17,3,1.06,0
12,15,21,1.513,0
12,4,9,1.699,1
9,28,23,1.032,0
8,18,6,1.269,0
2,26,20,1.492,1
6,10,15,1.578,0
4,22,13,1.22,0
3,21,19,1.966,1
5,30,5,1.74,1
2,28,1,1.058,0
4,8,5,1.45,0
2,19,17,1.202,0
4,12,9,1.568,0
7,2,21,1.557,0
3,18,10,1.643,1
6,18,22,1.01,0
5,4,10,1.012,0
6,13,9,1.447,0
11,21,10,1.971,1
7,15,18,1.907,1
6,27,0,1.657,1
11,3,18,1.88,1
10,9,0,1.67,1
5,11,0,1.599,0
4,21,8,1.468,1
4,31,2,1.576,0
1,12,11,1.499,0
9,6,20,1.941,1
1,5,9,1.104,0
4,27,9,1.842,1
1,17,0,1.074,0
9,24,9,1.031,1
4,16,8,1.872,1
9,4,9,1.966,1
4,30,7,1.304,0
6,5,6,1.36,0
6,6,7,1.055,0
9,8,22,1.598,0
1,14,7,1.01,1
2,31,21,1.111,0
5,10,17,1.569,0
2,15,15,1.788,1
6,12,5,1.604,1
2,13,20,1.835,0
7,29,1,1.158,0
8,1,10,1.538,0
5,4,3,1.389,1
1,28,23,1.75,1
10,30,11,1.647,1
10,10,6,1.331,1
12,8,1,1.693,1
6,31,15,1.181,0
12,22,5,1.523,0
6,14,14,1.779,1
7,14,9,1.355,0
10,17,4,1.263,0
5,7,23,1.541,0
1,27,13,1.534,0
11,26,0,1.691,1
3,29,3,1.977,1
9,6,16,1.813,1
4,20,8,1.484,0
7,26,17,1.188,0
6,18,20,1.394,0
1,17,4,1.064,0
8,6,5,1.118,0
9,11,15,1.06,0
8,16,16,1.858,0
4,17,16,1.79,1
1,9,13,1.799,1
7,26,18,1.259,0
8,28,22,1.092,1
9,8,7,1.824,1
4,4,18,1.061,0
5,11,5,1.656,1
2,24,4,1.884,1
11,1,22,1.047,0
11,8,11,1.571,0
3,6,14,1.526,0
1,26,11,1.445,0
9,3,14,1.657,1
4,28,2,1.801,1
11,15,1,1.515,0
12,18,19,1.284,0
8,7,9,1.598,0
9,9,0,1.969,1
7,17,18,1.241,0
1,7,6,1.014,0
12,24,10,1.334,0
2,11,18,1.964,1
9,31,7,1.117,0
5,2,7,1.508,0
1,21,22,1.634,1
9,14,3,1.144,0
12,20,3,1.089,0
7,28,3,1.372,0
6,1,4,1.23,0
7,27,9,1.467,0
11,12,17,1.034,0
5,12,11,1.263,0
12,21,9,1.177,0
9,16,15,1.384,0
10,7,17,1.834,1
3,28,4,1.031,0
11,10,6,1.434,0
6,31,10,1.369,0
1,7,16,1.137,0
11,1,17,1.79,1
12,17,6,1.836,0
6,13,19,1.038,0
12,16,15,1.341,1
12,9,4,1.369,1
1,9,4,1.942,1
6,26,18,1.907,1
3,4,9,1.156,1
3,6,4,1.471,0
2,1,10,1.333,0
8,7,20,1.719,1
5,22,5,1.634,1
3,5,18,1.205,0
12,16,6,1.601,0
1,29,14,1.789,1
2,23,11,1.29,0
12,25,9,1.928,1
8,16,21,1.812,1
12,5,20,1.491,0
4,22,1,1.91,1
7,20,3,1.506,0
2,25,11,1.67,1
1,26,3,1.447,0
3,19,16,1.806,1
3,15,6,1.605,1
6,19,13,1.123,0
1,1,8,1.785,1
5,21,9,1.045,0
9,5,19,1.356,0
5,18,16,1.23,0
5,25,13,1.321,0
12,17,9,1.145,0
10,7,2,1.637,1
11,12,22,1.895,1
5,4,12,1.525,0
12,14,4,1.588,0
1,7,11,1.436,0
4,5,20,1.09,0
2,28,7,1.542,0
12,8,23,1.087,0
4,20,13,1.782,1
6,18,6,1.928,1
5,28,14,1.551,0
7,25,2,1.424,0
6,27,19,1.329,0
5,20,5,1.973,1
5,6,0,1.815,1
10,26,23,1.951,1
9,31,13,1.584,1
4,14,10,1.436,0
11,13,22,1.143,0
3,12,3,1.199,0
11,27,1,1.107,0
10,20,19,1.231,0
5,17,12,1.952,1
5,15,11,1.436,0
4,30,16,1.432,0
5,9,13,1.188,0
4,20,9,1.61,1
8,15,9,1.534,0
3,28,4,1.439,0
4,2,2,1.142,0
3,4,0,1.924,1
9,25,6,1.938,1
8,13,13,1.885,1
9,27,0,1.765,1
1,6,6,1.655,1
6,7,14,1.224,0
5,10,3,1.882,1
1,28,19,1.04,0
3,5,5,1.796,1
1,22,17,1.81,1
5,22,7,1.763,1
12,4,15,1.877,1
4,18,9,1.025,0
5,28,7,1.79,1
3,19,6,1.902,1
12,30,13,1.055,0
4,28,13,1.018,1
5,22,3,1.782,1
7,1,23,1.185,0
4,29,23,1.319,0
2,1,2,1.493,0
1,16,8,1.305,0
5,1,9,1.207,0
5,27,3,1.763,1
12,3,5,1.131,1
8,9,7,1.506,0
10,11,22,1.549,0
6,30,2,1.305,0
7,22,7,1.165,0
2,18,22,1.635,1
6,17,0,1.018,0
6,3,11,1.039,0
4,11,1,1.019,0
8,30,17,1.825,1
3,12,6,1.928,1
7,27,20,1.781,1
11,4,4,1.987,1
12,14,14,1.539,0
1,31,10,1.132,0
10,21,16,1.445,0
11,17,20,1.714,1
6,7,10,1.424,0
4,8,15,1.341,0
4,17,11,1.739,1
5,7,14,1.21,0
10,16,12,1.976,1
2,12,0,1.351,0
6,6,11,1.136,0
11,17,13,1.12,0
3,20,18,1.035,0
5,11,8,1.73,1
9,3,7,1.703,1
12,9,17,1.015,0
1,28,9,1.509,0
2,7,0,1.913,1
5,21,14,1.532,0
10,16,19,1.754,1
11,7,0,1.012,0
5,20,19,1.747,1
5,30,5,1.643,0
7,24,13,1.594,0
5,30,14,1.412,0
3,10,20,1.769,1
8,4,13,1.628,0
1,3,16,1.041,0
8,19,23,1.495,0
9,23,13,1.676,1
10,30,14,1.214,0
11,23,20,1.57,0
5,18,17,1.845,1
10,26,22,1.468,0
7,4,1,1.707,1
9,6,9,1.2,0
8,31,16,1.848,1
10,4,1,1.35,0
2,10,7,1.243,0
5,30,1,1.874,1
8,25,9,1.922,1
1,7,12,1.435,0
11,28,0,1.86,0
2,18,20,1.684,1
8,25,20,1.347,0
3,4,1,1.194,0
7,4,4,1.273,0
10,22,17,1.538,0
11,13,12,1.296,0
3,25,21,1.053,0
1,26,15,1.975,1
3,18,20,1.249,0
10,2,1,1.548,0
8,22,10,1.545,0
10,29,9,1.858,1
7,18,4,1.939,1
1,30,5,1.788,1
12,14,16,1.674,1
1,10,9,1.684,1
1,2,10,1.742,1
6,4,5,1.274,0
5,18,16,1.695,1
9,9,3,1.411,1
2,6,17,1.443,0
4,16,20,1.244,1
2,27,17,1.217,0
5,17,11,1.349,0
12,28,5,1.181,0
1,28,11,1.657,0
9,22,18,1.045,0
2,8,5,1.088,0
1,10,15,1.005,0
8,20,8,1.562,0
4,24,0,1.82,0
3,6,1,1.482,1
3,28,8,1.208,0
10,13,11,1.149,0
2,25,13,1.404,0
5,9,0,1.721,1
1,20,14,1.623,1
10,28,10,1.861,1
3,21,22,1.591,0
6,17,4,1.825,1
9,27,14,1.241,0
9,7,10,1.497,0
2,9,8,1.525,0
8,16,2,1.58,0
1,29,1,1.372,0
11,7,14,1.25,1
8,2,18,1.512,0
4,8,6,1.018,0
6,7,18,1.335,0
8,6,12,1.693,1
3,15,11,1.508,0
3,30,3,1.326,0
8,10,20,1.768,1
11,5,21,1.208,0
9,7,22,1.208,0
8,5,17,1.889,1
11,16,8,1.249,0
1,28,6,1.561,0
10,17,17,1.742,1
5,7,2,1.812,1
1,31,5,1.569,1
10,6,23,1.884,1
12,27,14,1.568,0
7,20,0,1.194,0
3,26,17,1.196,0
11,8,20,1.059,0
2,20,13,1.402,0
6,31,4,1.36,0
10,5,7,1.328,0
1,16,15,1.47,0
2,12,15,1.19,0
1,30,2,1.82,1
8,6,6,1.239,0
6,3,8,1.448,0
12,9,6,1.119,0
5,20,14,1.166,0
4,9,18,1.32,0
11,30,8,1.618,1
6,4,15,1.849,1
6,25,22,1.05,0
4,5,6,1.681,1
6,18,17,1.181,1
2,2,6,1.042,0
7,9,13,1.667,1
11,24,15,1.185,0
12,18,23,1.474,0
7,5,7,1.677,1
10,29,6,1.342,0
5,20,23,1.608,1
12,15,16,1.515,0
1,9,10,1.78,1
12,19,2,1.525,0
5,3,15,1.467,0
7,25,13,1.409,0
4,5,8,1.738,1
3,23,14,1.298,1
7,26,13,1.49,0
4,18,21,1.954,1
9,12,0,1.409,1
12,13,0,1.025,0
11,2,20,1.94,0
6,6,9,1.145,0
10,7,22,1.839,1
6,2,17,1.878,1
9,29,18,1.817,1
4,30,11,1.819,1
2,26,2,1.118,1
7,2,12,1.638,1
1,2,10,1.004,0
10,10,19,1.575,0
10,29,7,1.475,0
4,11,15,1.188,0
4,14,4,1.623,1
7,27,19,1.919,1
11,15,22,1.397,0
6,19,12,1.134,0
6,6,23,1.869,1
8,25,20,1.39,0
7,23,5,1.619,0
1,3,12,1.895,1
2,30,0,1.622,1
2,1,2,1.642,1
8,30,23,1.245,0
6,1,14,1.61,1
6,22,18,1.91,1
6,29,17,1.008,0
3,13,8,1.133,0
7,28,11,1.68,1
3,15,20,1.209,1
2,31,13,1.527,0
12,5,22,1.18,0
1,26,15,1.722,1
9,23,16,1.614,1
10,11,23,1.789,0
1,29,4,1.697,1
2,14,17,1.73,1
10,14,7,1.55,0
11,16,20,1.084,0
1,14,5,1.73,1
3,4,21,1.443,0
9,29,4,1.526,0
2,16,14,1.912,1
7,23,6,1.163,0
8,26,0,1.337,0
12,30,16,1.586,0
11,14,8,1.523,0
3,23,19,1.259,0
1,13,9,1.625,1
3,2,13,1.163,0
1,14,20,1.258,0
3,3,23,1.03,0
10,13,2,1.286,0
8,23,14,1.442,1
10,6,18,1.071,0
1,13,21,1.297,0
8,31,1,1.375,0
7,17,19,1.236,0
8,29,8,1.028,0
3,5,8,1.72,1
12,9,4,1.727,1
8,20,11,1.428,0
3,11,8,1.033,0
3,19,19,1.428,0
11,30,13,1.681,1
8,21,22,1.916,1
8,25,22,1.476,0
9,23,1,1.971,1
5,23,13,1.405,0
2,31,10,1.306,0
1,14,12,1.192,0
7,2,11,1.164,0
10,14,6,1.169,0
5,10,18,1.816,1
11,8,8,1.872,1
2,13,16,1.797,1
5,15,0,1.578,0
10,9,18,1.304,0
1,29,19,1.407,0
7,22,8,1.998,1
12,8,8,1.339,0
11,16,1,1.818,1
3,13,10,1.941,1
3,9,12,1.537,0
8,2,22,1.712,1
4,6,1,1.521,0
4,24,6,1.086,0
7,28,19,1.926,1
5,11,12,1.702,1
3,7,11,1.115,0
9,6,7,1.259,0
10,5,8,1.199,0
12,24,6,1.301,0
3,7,2,1.269,0
9,10,2,1.929,1
1,5,22,1.336,0
2,17,2,1.993,0
1,5,6,1.267,0
4,25,21,1.003,0
2,25,2,1.323,0
1,20,3,1.099,0
2,24,18,1.756,1
7,24,14,1.112,1
4,9,12,1.719,1
8,29,8,1.059,1
1,11,4,1.614,1
2,5,0,1.988,1
2,30,23,1.596,1
6,12,6,1.482,0
11,18,20,1.622,0
6,17,6,1.276,0
3,25,23,1.694,1
5,30,3,1.81,1
4,1,20,1.087,0
2,19,23,1.546,0
4,14,15,1.19,0
4,24,17,1.142,0
6,23,19,1.624,1
10,28,16,1.126,0
4,31,17,1.293,0
5,13,9,1.361,0
10,20,7,1.483,0
5,29,12,1.474,0
10,18,2,1.358,0
9,25,11,1.955,1
8,11,3,1.205,0
3,29,23,1.444,0
5,3,5,1.558,0
7,5,1,1.806,1
10,24,6,1.197,0
2,2,0,1.274,0
3,29,2,1.59,0
7,26,23,1.113,0
2,1,0,1.344,0
6,10,0,1.281,0
4,4,17,1.964,1
11,21,17,1.325,0
12,1,3,1.97,1
6,27,12,1.952,1
8,28,17,1.798,1
1,16,15,1.852,1
12,27,11,1.69,1
10,30,7,1.148,0
5,31,7,1.062,0
8,31,0,1.769,1
4,11,16,1.313,0
8,28,10,1.264,0
5,9,0,1.62,1
9,24,16,1.789,1
2,10,8,1.283,0
10,20,7,1.377,0
5,29,22,1.955,1
8,10,21,1.161,0
8,14,2,1.0,1
1,13,5,1.974,1
5,28,22,1.41,1
4,31,8,1.258,0
7,5,14,1.785,1
1,18,18,1.615,1
2,18,17,1.754,1
8,17,16,1.462,0
12,23,0,1.607,1
1,1,17,1.624,1
4,1,1,1.356,0
9,12,3,1.576,1
10,19,1,1.898,1
1,3,22,1.127,0
5,28,5,1.271,0
10,23,12,1.065,1
2,22,14,1.921,1
2,9,0,1.793,1
5,3,21,1.278,0
1,23,14,1.151,0
10,6,15,1.305,1
3,1,2,1.215,0
6,7,11,1.386,1
8,13,4,1.9,1
1,4,3,1.157,0
7,21,4,1.138,0
9,16,15,1.597,0
4,31,7,1.89,1
3,13,16,1.905,0
4,15,13,1.311,0
3,25,5,1.926,1
7,19,21,1.872,1
4,6,14,1.724,1
11,6,12,1.015,0
2,23,12,1.802,1
4,2,10,1.03,0
6,26,17,1.006,0
1,1,17,1.123,0
12,21,4,1.484,1
9,8,11,1.799,1
4,25,2,1.932,1
2,11,23,1.903,1
12,30,15,1.379,0
6,30,15,1.225,0
5,28,9,1.009,0
5,16,16,1.208,0
10,17,16,1.166,1
6,25,15,1.3,1
8,16,17,1.412,0
12,9,17,1.817,1
3,20,13,1.157,0
5,18,22,1.492,0
8,9,13,1.298,0
8,22,11,1.847,1
9,11,7,1.495,0
9,19,22,1.344,0
10,27,6,1.76,1
2,15,20,1.907,1
7,12,19,1.605,1
4,31,10,1.005,0
6,2,7,1.122,0
11,26,10,1.241,0
2,30,10,1.875,1
8,4,12,1.919,1
12,13,10,1.475,0
8,25,18,1.943,1
11,12,20,1.741,1
2,27,12,1.654,1
5,28,3,1.74,1
8,21,5,1.471,0
4,22,0,1.011,0
12,10,16,1.06,0
7,25,9,1.538,0
10,31,17,1.914,1
10,30,7,1.913,1
3,14,16,1.765,1
7,22,21,1.281,0
2,1,2,1.347,0
11,17,21,1.342,0
2,27,21,1.133,0
3,1,6,1.73,1
7,24,9,1.074,0
2,19,18,1.221,0
9,17,21,1.547,0
3,31,9,1.99,1
9,28,22,1.769,1
6,18,2,1.007,0
6,19,0,1.939,1
2,24,14,1.457,0
12,21,6,1.551,0
7,29,13,1.655,1
8,18,15,1.414,0
12,18,1,1.422,0
8,9,6,1.722,1
3,25,22,1.098,0
10,12,17,1.041,0
5,10,4,1.862,0
12,20,6,1.691,1
6,10,18,1.391,0
3,3,20,1.826,1
6,20,15,1.218,0
1,18,8,1.486,0
2,9,3,1.846,1
9,5,6,1.971,0
9,14,16,1.171,1
11,23,14,1.481,0
5,25,6,1.398,0
7,15,21,1.726,1
4,7,21,1.549,0
12,23,16,1.922,1
1,17,0,1.26,0
8,9,3,1.104,0
3,16,16,1.807,1
8,31,16,1.827,1
10,8,4,1.525,0
4,4,4,1.274,0
9,22,20,1.209,0
3,22,15,1.054,0
6,24,11,1.952,1
10,7,17,1.693,1
4,14,2,1.101,0
2,17,22,1.25,0
7,25,18,1.233,1
9,3,15,1.178,1
6,25,7,1.92,1
2,1,5,1.537,0
11,7,22,1.413,1
10,27,19,1.248,0
5,19,23,1.251,1
5,23,23,1.6,0
5,11,1,1.777,0
9,29,13,1.542,0
1,21,6,1.546,0
3,10,15,1.857,0
7,18,10,1.892,1
6,12,18,1.494,0
10,22,18,1.983,1
8,6,12,1.238,0
9,20,3,1.694,1
12,12,10,1.439,0
10,15,15,1.359,0
10,5,15,1.68,1
12,17,14,1.502,1
12,30,6,1.059,0
9,24,0,1.412,0
9,28,10,1.043,0
3,8,10,1.817,1
11,23,12,1.563,0
1,31,20,1.266,0
8,29,4,1.837,1
2,8,20,1.698,1
7,20,23,1.719,1
2,4,5,1.375,0
9,29,8,1.753,1
12,10,7,1.433,0
9,7,21,1.234,0
5,14,2,1.371,0
1,7,11,1.182,0
4,28,2,1.183,0
7,6,18,1.097,0
1,4,23,1.88,1
2,10,14,1.476,0
10,4,18,1.915,1
12,5,15,1.666,1
12,15,23,1.352,0
7,21,2,1.211,0
11,23,2,1.883,1
6,26,12,1.088,0
10,23,23,1.287,0
4,17,6,1.756,1
8,5,21,1.586,0
5,18,0,1.167,0
1,26,6,1.773,1
8,12,17,1.656,1
3,4,19,1.584,0
12,18,17,1.735,0
12,26,7,1.78,1
8,20,14,1.529,0
12,14,5,1.371,1
3,1,15,1.631,1
1,30,6,1.262,0
12,15,0,1.095,0
10,3,3,1.15,0
4,22,10,1.033,0
7,11,23,1.423,0
4,26,13,1.842,1
9,1,8,1.469,0
3,23,8,1.259,0
12,24,22,1.745,1
12,20,10,1.798,1
6,19,9,1.792,1
6,26,22,1.857,1
6,25,9,1.597,1
6,10,22,1.057,0
4,25,21,1.999,1
10,31,3,1.584,0
3,21,8,1.076,0
6,7,19,1.621,1
8,7,17,1.63,0
5,18,20,1.981,1
3,2,3,1.811,1
8,10,4,1.795,1
3,26,19,1.782,0
6,13,14,1.24,0
1,9,12,1.396,0
5,20,11,1.923,0
6,8,1,1.657,1
3,28,15,1.646,0
3,2,17,1.688,0
5,11,9,1.201,0
10,3,19,1.502,0
2,8,0,1.623,1
6,4,0,1.376,0
11,9,13,1.393,0
1,2,22,1.757,1
10,31,18,1.911,0
9,7,7,1.386,0
10,4,13,1.907,1
4,20,21,1.157,0
12,12,6,1.285,0
5,7,3,1.86,0
6,13,21,1.799,1
11,9,12,1.652,1
6,11,20,1.707,1
3,10,6,1.804,1
5,24,21,1.25,0
2,16,12,1.901,1
1,22,3,1.845,1
1,30,19,1.535,0
6,30,13,1.529,0
4,11,20,1.211,0
3,22,6,1.094,0
4,24,23,1.334,0
6,16,18,1.223,0
2,2,20,1.863,1
9,7,18,1.009,0
11,31,0,1.276,0
12,23,7,1.011,0
2,7,5,1.019,1
11,26,11,1.9,1
1,26,10,1.441,0
1,29,0,1.168,0
9,19,5,1.948,1
9,11,2,1.769,1
7,22,21,1.026,0
11,16,1,1.185,0
5,17,4,1.355,0
9,29,13,1.048,1
8,12,19,1.837,1
9,11,11,1.883,1
10,13,12,1.339,0
3,5,21,1.826,1
11,29,5,1.183,0
5,14,15,1.045,0
7,13,14,1.511,1
6,22,4,1.155,0
9,20,18,1.624,1
4,29,0,1.356,0
6,30,0,1.787,0
2,8,7,1.469,0
4,27,22,1.198,0
9,5,1,1.353,0
7,19,16,1.347,0
3,15,2,1.33,0
9,5,11,1.465,0
8,13,8,1.969,1
6,16,20,1.565,0
7,13,19,1.718,1
7,20,3,1.892,1
12,25,14,1.902,1
11,31,13,1.804,1
5,19,14,1.329,0
7,23,18,1.57,0
12,4,7,1.517,0
4,28,13,1.779,1
6,27,2,1.379,0
3,24,5,1.755,1
10,5,19,1.838,1
9,31,21,1.623,1
11,3,9,1.757,1
9,10,1,1.055,0
1,23,6,1.783,1
10,28,2,1.517,0
10,12,11,1.487,0
11,2,0,1.202,0
7,10,8,1.979,1
2,17,18,1.531,1
1,10,23,1.841,1
8,26,11,1.423,0
10,6,9,1.545,0
7,2,11,1.39,0
4,3,12,1.662,1
4,31,9,1.726,1
11,22,9,1.842,1
3,16,4,1.768,1
11,21,22,1.704,0
5,13,7,1.256,1
6,16,16,1.358,0
9,24,13,1.479,0
3,14,1,1.676,1
10,14,9,1.096,0
7,15,16,1.267,0
11,18,8,1.659,0
10,27,0,1.759,1
5,26,5,1.979,1
2,5,16,1.911,1
2,23,13,1.264,0
12,16,17,1.568,0
1,23,7,1.773,1
12,8,8,1.45,0
12,7,2,1.428,0
11,2,18,1.03,0
6,16,8,1.871,1
6,6,13,1.845,0
7,11,15,1.526,0
10,4,2,1.505,1
1,18,4,1.282,0
3,11,10,1.44,1
10,4,4,1.05,0
1,15,21,1.284,0
10,11,12,1.502,0
10,21,7,1.477,0
11,9,3,1.336,0
9,15,20,1.616,1
6,19,3,1.395,0
11,19,2,1.818,1
6,17,14,1.092,0
9,1,8,1.756,0
3,28,15,1.455,0
3,4,20,1.192,1
4,1,19,1.789,1
5,13,19,1.774,1
5,21,18,1.745,1
10,25,12,1.292,0
5,7,18,1.447,0
2,23,21,1.595,0
4,30,0,1.712,1
11,30,14,1.968,1
9,23,15,1.331,0
9,4,21,1.591,0
6,2,4,1.052,0
9,10,15,1.622,1
2,7,20,1.858,1
6,19,3,1.053,0
9,18,8,1.189,0
9,9,8,1.674,1
12,18,16,1.433,0
12,6,20,1.703,1
10,26,14,1.187,1
1,22,23,1.391,0
1,1,0,1.863,1
2,12,8,1.792,1
7,5,19,1.834,1
6,22,10,1.806,1
11,31,21,1.092,0
4,14,23,1.6,0
2,20,15,1.32,1
1,8,2,1.768,1
12,15,16,1.929,1
5,28,8,1.638,1
7,24,14,1.85,1
11,18,8,1.571,0
1,4,11,1.119,0
9,10,17,1.196,0
11,28,7,1.834,0
6,1,14,1.318,0
12,10,5,1.692,0
5,5,2,1.104,0
6,21,12,1.16,0
5,11,9,1.283,0
2,15,0,1.135,0
12,1,2,1.849,1
3,28,10,1.696,1
7,31,6,1.596,0
3,23,2,1.502,0
3,11,18,1.263,0
7,3,12,1.622,1
7,13,6,1.255,0
4,26,15,1.313,0
11,19,13,1.218,0
12,2,22,1.193,0
2,27,20,1.45,0
1,15,8,1.599,1
2,24,10,1.487,0
9,12,15,1.044,0
3,10,3,1.562,1
2,3,3,1.475,0
4,31,15,1.415,0
8,20,14,1.593,1
3,16,16,1.053,0
11,25,16,1.405,0
1,29,7,1.58,0
11,26,13,1.701,0
9,21,1,1.479,1
12,7,3,1.3,0
11,29,3,1.885,1
4,3,17,1.158,0
12,27,15,1.871,1
2,11,0,1.593,0
11,1,4,1.836,1
8,3,4,1.482,0
1,21,17,1.214,0
9,16,21,1.058,0
3,4,12,1.963,1
4,19,9,1.656,1
5,22,21,1.416,0
7,25,11,1.465,0
6,18,13,1.651,1
4,16,7,1.839,1
4,4,23,1.249,1
3,27,18,1.988,0
11,25,2,1.451,1
2,26,12,1.225,0
8,19,2,1.694,1
9,21,1,1.176,0
11,19,9,1.184,0
2,6,4,1.214,0
8,7,22,1.191,0
9,9,1,1.348,1
7,22,14,1.653,1
1,1,16,1.195,0
8,7,23,1.326,0
11,25,19,1.515,0
10,3,7,1.907,1
3,19,3,1.422,0
8,10,21,1.08,0
1,15,13,1.774,1
12,12,0,1.735,1
3,22,15,1.208,0
7,21,1,1.158,0
11,27,2,1.006,0
2,31,7,1.114,0
10,4,13,1.685,1
1,29,8,1.65,1
3,27,0,1.595,0
12,4,1,1.413,0
12,7,13,1.808,1
12,11,15,1.601,1
10,1,20,1.175,0
12,21,14,1.923,1
12,18,10,1.46,1
8,20,14,1.834,1
1,2,10,1.057,0
11,14,21,1.342,0
10,22,5,1.464,0
3,12,4,1.918,1
9,10,6,1.079,0
2,6,19,1.127,0
4,13,10,1.26,0
8,17,18,1.022,0
7,8,11,1.058,0
3,31,3,1.472,1
3,15,1,1.77,1
12,31,2,1.442,0
4,6,22,1.012,0
3,17,7,1.565,0
11,3,13,1.427,0
7,19,12,1.666,1
9,4,21,1.345,0
6,21,12,1.702,1
4,6,23,1.448,0
12,2,21,1.133,0
8,12,13,1.683,1
7,17,13,1.237,0
1,21,7,1.199,0
8,29,10,1.251,0
4,19,23,1.567,0
8,2,3,1.606,0
9,21,8,1.57,0
9,22,22,1.252,0
3,13,2,1.237,0
3,23,7,1.095,0
11,4,4,1.272,1
1,11,0,1.388,0
9,26,2,1.915,1
5,4,23,1.771,1
12,11,13,1.104,0
2,5,17,1.571,1
10,24,20,1.155,0
5,5,19,1.358,0
4,16,6,1.164,0
10,7,14,1.846,1
12,1,11,1.083,0
7,24,11,1.13,0
7,10,15,1.241,0
2,6,16,1.839,1
2,12,1,1.267,0
4,12,6,1.639,1
4,22,2,1.594,0
3,7,9,1.362,0
6,5,22,1.679,1
3,25,19,1.621,1
4,10,13,1.75,0
3,5,4,1.108,0
7,16,7,1.497,0
5,25,22,1.654,1
6,21,1,1.215,1
3,7,1,1.264,0
9,1,7,1.987,1
12,9,6,1.773,1
7,1,3,1.851,1
1,15,9,1.217,0
4,2,15,1.54,0
12,22,1,1.882,1
6,1,13,1.457,0
6,19,13,1.914,1
12,27,1,1.009,0
2,26,21,1.212,0
10,24,18,1.201,0
1,19,8,1.589,0
3,17,0,1.322,0
5,26,20,1.109,0
9,18,22,1.527,0
3,22,1,1.39,0
12,15,4,1.275,0
2,11,21,1.744,1
2,6,6,1.624,1
4,27,11,1.07,0
12,23,10,1.902,1
2,7,8,1.619,1
9,15,12,1.958,1
6,2,8,1.363,0
9,29,2,1.496,0
7,12,12,1.527,0
6,20,10,1.683,1
7,29,17,1.546,0
8,30,8,1.135,0
5,21,4,1.244,0
2,14,4,1.872,1
11,3,11,1.018,1
4,12,4,1.346,0
4,8,20,1.194,0
1,13,23,1.982,1
1,18,8,1.998,1
11,14,18,1.619,1
5,4,4,1.072,0
2,13,14,1.829,1
5,3,7,1.162,0
1,12,12,1.891,1
4,29,9,1.483,0
10,29,8,1.182,0
10,6,23,1.107,1
11,2,18,1.935,1
11,28,1,1.02,1
5,30,12,1.264,0
9,16,19,1.01,0
6,22,16,1.887,1
6,6,7,1.475,0
5,22,13,1.554,1
4,11,5,1.979,1
12,21,19,1.541,0
3,30,16,1.203,0
7,23,6,1.289,1
12,19,12,1.087,0
11,3,22,1.345,0
5,28,19,1.252,0
6,29,16,1.856,1
10,10,5,1.161,0
9,21,15,1.06,0
9,25,20,1.196,0
2,6,13,1.379,0
10,31,8,1.353,0
6,3,8,1.88,1
7,4,11,1.206,0
1,9,5,1.541,1
10,17,19,1.259,0
5,1,0,1.774,1
2,17,6,1.382,0
7,20,4,1.441,0
8,22,2,1.765,1
7,11,15,1.462,0
11,10,12,1.233,0
2,7,3,1.948,1
4,2,1,1.174,0
11,22,1,1.219,1
10,1,2,1.099,0
8,13,12,1.413,1
11,7,2,1.572,0
3,3,22,1.668,1
9,12,5,1.463,0
12,9,13,1.653,1
9,10,12,1.771,0
4,30,8,1.708,1
4,13,18,1.048,0
11,26,22,1.94,1
3,20,17,1.605,1
5,11,19,1.681,1
10,10,5,1.408,0
4,28,17,1.252,0
11,4,13,1.406,0
5,15,13,1.642,1
8,11,1,1.736,1
9,15,22,1.805,1
4,2,15,1.679,1
12,30,22,1.22,0
5,12,23,1.685,1
12,19,9,1.041,0
3,6,23,1.06,1
2,16,5,1.855,1
10,6,16,1.861,1
2,10,20,1.387,0
11,13,13,1.988,0
11,14,16,1.019,0
3,23,22,1.842,1
3,31,2,1.222,0
1,10,12,1.346,0
2,21,9,1.027,0
1,23,20,1.93,1
6,9,2,1.218,0
11,17,16,1.536,1
7,11,11,1.326,0
11,3,21,1.168,0
2,23,12,1.842,1
5,25,6,1.662,1
11,30,0,1.54,0
2,2,17,1.064,0
12,29,4,1.453,0
2,13,8,1.479,1
6,9,12,1.674,1
9,16,12,1.896,1
9,13,5,1.23,0
1,1,12,1.865,0
4,23,2,1.01,0
7,8,15,1.163,0
4,28,3,1.05,0
4,29,0,1.795,1
1,12,13,1.636,1
3,18,17,1.995,1
1,18,19,1.222,0
10,21,15,1.005,0
12,8,8,1.014,0
10,19,0,1.46,0
5,11,0,1.308,0
4,3,3,1.531,1
2,15,16,1.475,0
10,24,4,1.756,1
12,25,7,1.708,1
11,8,6,1.943,0
6,2,19,1.319,0
8,7,5,1.45,0
5,18,23,1.721,1
5,6,10,1.489,0
7,21,23,1.303,0
4,17,18,1.022,0
4,30,19,1.994,1
8,13,4,1.634,1
3,14,12,1.401,0
3,25,17,1.808,1
10,9,16,1.086,0
12,20,16,1.989,1
2,25,21,1.546,0
3,17,18,1.571,0
12,27,16,1.139,0
2,12,16,1.634,1
3,14,16,1.437,1
5,2,11,1.951,1
2,28,10,1.163,0
7,5,5,1.791,1
6,27,11,1.45,0
11,22,16,1.803,1
11,28,12,1.009,1
6,21,3,1.185,1
11,29,8,1.591,0
5,27,18,1.753,1
9,31,15,1.873,1
9,6,5,1.331,0
9,27,1,1.0,0
1,10,15,1.901,1
8,15,3,1.816,1
9,30,11,1.993,0
2,19,20,1.065,0
3,13,4,1.777,1
6,27,1,1.195,1
2,1,18,1.438,0
11,8,13,1.024,0
8,10,4,1.963,1
8,28,17,1.861,1
3,1,19,1.942,1
1,14,23,1.196,1
1,12,7,1.697,0
9,5,0,1.347,0
3,13,10,1.287,0
12,20,19,1.421,0
2,23,14,1.848,1
11,19,16,1.803,1
3,21,13,1.842,1
5,11,13,1.23,0
1,20,6,1.895,1
10,18,4,1.984,1
11,27,13,1.09,0
12,15,6,1.919,0
10,16,5,1.657,1
12,13,4,1.368,0
8,20,0,1.971,1
8,20,11,1.099,0
1,29,23,1.525,0
12,27,9,1.995,1
6,20,23,1.723,1
12,24,9,1.047,0
3,23,21,1.184,0
7,30,15,1.343,0
3,6,22,1.595,0
3,24,5,1.68,1
12,4,8,1.307,0
9,19,18,1.326,0
10,16,7,1.022,0
2,15,6,1.108,0
6,20,0,1.351,0
10,25,12,1.536,0
3,15,15,1.249,1
7,21,9,1.203,0
9,3,21,1.473,0
7,15,7,1.902,1
4,2,17,1.911,1
6,6,0,1.421,1
7,3,3,1.941,1
10,3,18,1.346,0
2,28,14,1.7,1
2,17,8,1.254,0
9,4,1,1.874,1
2,12,20,1.545,0
1,13,23,1.925,1
7,18,20,1.911,0
4,12,16,1.876,1
9,18,23,1.079,0
5,17,2,1.769,1
12,26,13,1.925,1
3,30,13,1.12,0
6,25,14,1.082,1
7,9,16,1.288,0
5,19,20,1.805,1
12,12,8,1.989,1
9,27,17,1.976,1
8,28,5,1.762,0
7,1,21,1.928,1
12,12,17,1.776,1
7,22,3,1.915,1
8,4,14,1.979,1
12,26,2,1.2,0
3,13,20,1.471,0
2,10,8,1.663,0
12,28,21,1.449,0
7,24,12,1.926,1
8,3,1,1.39,0
1,15,14,1.964,1
3,1,7,1.446,0
11,18,18,1.844,1
2,8,3,1.995,1
1,9,19,1.343,0
2,26,16,1.124,0
4,4,17,1.762,0
10,28,9,1.671,1
12,14,18,1.939,1
6,9,2,1.826,1
9,9,18,1.255,0
10,29,1,1.213,0
4,7,18,1.669,0
11,1,6,1.689,1
1,12,2,1.012,0
2,10,6,1.891,1
10,18,16,1.328,0
3,14,15,1.321,0
4,22,9,1.155,0
3,5,1,1.714,1
12,30,21,1.646,1
1,3,11,1.843,1
2,28,23,1.147,1
9,4,19,1.847,1
2,23,19,1.784,1
3,1,19,1.035,0
4,25,1,1.37,0
3,26,15,1.661,0
6,8,11,1.8,0
8,14,21,1.102,0
11,21,14,1.218,0
2,16,3,1.907,1
4,11,10,1.338,1
9,24,4,1.701,1
4,29,23,1.882,1
7,24,17,1.704,1
10,2,4,1.545,0
1,13,2,1.099,0
10,10,13,1.808,1
10,19,5,1.684,1
6,30,11,1.438,0
8,20,10,1.805,1
5,2,6,1.921,1
12,16,22,1.826,1
7,13,23,1.407,0
2,5,10,1.555,0
9,6,20,1.776,1
4,17,21,1.113,0
6,16,15,1.626,1
12,3,3,1.174,0
3,31,16,1.077,0
7,9,4,1.767,1
2,1,12,1.1,0
6,29,9,1.649,1
4,6,7,1.748,1
9,21,4,1.541,0
9,21,17,1.984,1
12,16,17,1.361,0
4,28,21,1.872,1
10,31,17,1.676,1
7,11,19,1.575,0
9,26,13,1.583,1
6,24,3,1.849,1
12,19,9,1.312,0
4,2,5,1.991,1
4,30,8,1.414,0
2,20,9,1.029,0
7,2,20,1.904,1
1,7,2,1.147,0
10,5,21,1.403,0
12,31,2,1.326,0
4,11,16,1.978,1
6,20,17,1.232,0
11,6,22,1.211,0
7,9,18,1.239,0
4,22,8,1.519,0
12,29,8,1.015,0
3,5,10,1.73,1
3,22,21,1.142,0
2,6,22,1.05,0
8,29,2,1.56,0
5,24,9,1.988,1
1,15,8,1.11,0
5,26,20,1.789,0
1,28,16,1.889,1
8,30,9,1.873,1
7,19,9,1.166,0
4,1,7,1.274,0
8,31,18,1.932,1
6,9,1,1.357,0
9,9,2,1.153,0
3,18,16,1.694,1
3,14,16,1.634,1
2,4,7,1.03,0
4,30,13,1.691,1
8,24,21,1.397,0
5,10,22,1.807,1
11,17,12,1.547,0
2,5,23,1.814,1
2,12,14,1.899,0
6,17,10,1.441,0
5,7,12,1.278,1
11,8,22,1.956,1
2,16,8,1.654,1
4,13,19,1.769,1
10,14,19,1.177,0
8,22,17,1.906,1
11,21,0,1.949,1
2,7,22,1.232,0
5,2,12,1.445,0
12,27,10,1.687,1
7,11,16,1.272,0
9,13,19,1.217,0
4,22,12,1.851,1
11,16,21,1.944,1
4,8,12,1.225,0
2,6,12,1.112,0
3,25,20,1.372,0
7,14,17,1.907,1
4,1,1,1.09,0
1,22,21,1.496,0
9,15,18,1.331,0
8,1,15,1.297,0
7,23,14,1.844,1
2,14,11,1.596,0
1,28,0,1.738,1
8,27,18,1.957,1
10,19,20,1.571,0
2,15,21,1.182,0
3,28,19,1.942,1
6,18,7,1.134,0
2,15,3,1.273,0
1,14,14,1.776,1
6,21,13,1.789,1
2,30,0,1.526,1
12,15,23,1.253,0
6,5,2,1.572,0
11,6,18,1.997,1
7,29,8,1.29,0
11,3,5,1.749,1
7,24,12,1.481,0
7,24,13,1.425,0
6,18,21,1.686,1
5,20,17,1.425,0
5,14,6,1.247,0
1,9,12,1.157,0
12,23,19,1.546,0
6,24,20,1.884,0
2,17,2,1.755,1
2,22,16,1.06,0
5,21,10,1.143,0
2,30,0,1.572,0
8,21,3,1.743,1
5,26,17,1.435,0
5,15,23,1.51,0
3,23,11,1.377,0
2,10,12,1.707,1
7,19,14,1.772,1
11,29,3,1.403,0
4,31,4,1.531,0
2,5,18,1.356,0
3,30,0,1.236,0
9,6,5,1.213,0
1,19,12,1.358,0
9,10,9,1.557,0
10,8,16,1.348,0
3,8,2,1.396,0
3,22,10,1.235,0
9,19,18,1.776,1
10,21,20,1.647,1
12,7,18,1.768,1
10,29,17,1.251,1
11,5,9,1.822,1
6,15,15,1.785,1
10,10,11,1.274,0
10,20,3,1.682,1
8,25,13,1.035,0
12,20,20,1.581,0
5,22,12,1.792,1
8,17,21,1.818,1
8,8,19,1.015,0
5,31,4,1.58,0
11,24,12,1.811,1
4,12,4,1.804,1
10,4,11,1.346,0
2,12,23,1.226,0
7,20,7,1.304,0
5,28,8,1.412,0
1,4,10,1.295,0
11,6,19,1.196,0
2,8,15,1.385,0
9,7,18,1.355,0
10,26,12,1.519,0
2,17,0,1.836,0
10,9,11,1.972,1
3,7,23,1.756,1
3,22,23,1.363,0
11,22,13,1.563,0
11,24,1,1.606,1
10,21,14,1.73,1
6,14,4,1.475,1
5,2,5,1.926,1
3,6,20,1.54,0
8,15,8,1.641,1
6,12,17,1.409,1
5,30,9,1.496,0
1,16,8,1.982,1
2,30,1,1.792,1
9,5,23,1.48,0
11,2,5,1.877,1
1,21,8,1.195,0
1,9,16,1.516,0
11,8,3,1.658,1
5,12,15,1.99,1
10,11,16,1.819,1
2,18,15,1.5,0
3,2,15,1.006,0
3,6,8,1.083,1
1,16,11,1.655,1
11,6,13,1.21,0
9,27,5,1.004,0
4,10,6,1.963,0
7,21,8,1.907,0
2,24,6,1.255,1
5,4,14,1.4,1
11,14,19,1.328,0
5,21,19,1.072,0
11,10,22,1.47,0
5,16,5,1.071,1
7,11,23,1.382,0
7,10,11,1.382,0
7,2,22,1.061,0
2,28,16,1.899,1
10,20,22,1.968,0
7,11,22,1.176,0
12,25,11,1.766,0
10,20,4,1.129,1
6,14,7,1.283,0
1,19,19,1.612,1
1,29,10,1.924,0
5,9,5,1.159,0
2,12,17,1.785,1
12,15,3,1.347,0
10,16,17,1.464,1
12,27,0,1.498,0
11,1,18,1.729,1
2,23,4,1.153,0
8,10,21,1.459,0
4,1,20,1.47,0
4,31,17,1.653,1
4,27,21,1.133,0
12,23,1,1.289,0
12,30,17,1.664,1
9,19,10,1.52,0
10,30,9,1.183,0
9,2,0,1.278,0
12,8,9,1.67,1
5,19,8,1.657,1
8,25,22,1.049,0
6,6,7,1.881,1
9,14,17,1.807,1
4,21,5,1.624,1
3,18,21,1.782,1
5,20,22,1.339,0
8,18,17,1.834,1
11,9,12,1.949,0
4,2,16,1.298,0
10,20,3,1.621,1
11,7,3,1.411,0
12,10,0,1.387,0
11,16,12,1.862,0
8,31,3,1.726,1
4,7,0,1.004,0
3,6,2,1.664,1
8,13,3,1.033,0
2,30,20,1.167,0
12,28,10,1.571,1
7,18,16,1.227,0
6,4,8,1.12,0
3,11,18,1.541,0
3,30,20,1.305,0
3,10,6,1.354,0
3,25,22,1.926,1
3,31,1,1.616,1
3,1,12,1.004,0
1,7,8,1.358,0
6,2,18,1.581,0
12,5,2,1.126,0
10,31,22,1.668,1
7,1,21,1.234,0
10,16,18,1.583,0
7,2,20,1.315,0
7,25,22,1.209,0
6,1,0,1.014,0
2,23,4,1.745,1
10,13,9,1.101,0
3,5,16,1.327,0
6,30,17,1.933,1
3,27,2,1.971,1
5,6,19,1.425,0
9,9,11,1.271,0
8,22,3,1.261,1
11,26,5,1.366,0
7,19,12,1.598,0
5,26,5,1.101,0
1,7,19,1.784,1
12,10,5,1.621,1
11,24,18,1.033,0
5,11,6,1.369,0
9,14,5,1.035,0
5,6,18,1.6,0
2,2,20,1.999,1
9,1,5,1.319,0
8,18,9,1.252,1
5,10,2,1.285,0
3,12,18,1.64,1
11,30,0,1.037,1
8,24,5,1.273,0
9,9,8,1.644,1
12,2,22,1.047,0
2,7,18,1.6,0
11,8,4,1.515,0
8,7,20,1.379,0
9,7,15,1.136,0
10,21,11,1.899,1
4,24,1,1.382,0
3,4,5,1.145,1
12,24,7,1.922,1
8,25,0,1.311,0
10,9,6,1.852,1
2,30,2,1.078,0
9,6,8,1.818,1
4,13,4,1.315,1
11,22,3,1.286,0
1,14,21,1.949,1
1,21,13,1.239,1
1,31,8,1.72,1
7,29,5,1.606,1
2,5,18,1.949,1
9,27,18,1.159,0
2,27,0,1.109,0
5,22,8,1.259,1
5,23,8,1.779,1
12,13,20,1.526,0
9,30,14,1.19,0
12,31,17,1.26,0
6,4,12,1.701,1
3,18,6,1.965,0
3,10,4,1.9,1
7,8,4,1.58,0
3,29,4,1.196,1
3,14,17,1.367,0
11,5,12,1.103,0
10,1,16,1.897,1
3,11,11,1.643,1
12,21,18,1.255,0
11,22,23,1.464,0
9,27,8,1.698,1
3,17,8,1.205,0
3,2,1,1.834,1
11,30,9,1.083,0
12,10,2,1.228,0
8,4,2,1.13,0
1,20,12,1.687,1
11,22,15,1.348,0
7,18,9,1.171,0
7,3,12,1.169,0
3,18,17,1.227,0
6,31,19,1.129,0
8,11,21,1.49,0
5,18,0,1.695,1
10,18,20,1.719,1
1,18,2,1.138,1
12,11,1,1.985,1
1,14,9,1.641,1
4,26,5,1.591,0
7,16,19,1.482,0
7,13,14,1.119,0
6,7,3,1.088,1
7,3,15,1.629,1
7,16,4,1.747,0
11,26,4,1.939,1
8,14,21,1.894,1
9,13,4,1.458,0
12,2,0,1.06,0
9,15,22,1.646,1
9,28,10,1.743,1
8,4,10,1.001,0
8,26,8,1.104,0
5,31,17,1.361,0
3,19,10,1.355,0
10,31,15,1.025,0
6,12,7,1.282,0
8,2,16,1.116,0
8,4,14,1.157,0
5,15,17,1.916,1
3,26,7,1.578,0
11,21,13,1.801,1
3,4,7,1.832,1
12,15,9,1.17,0
3,31,9,1.574,0
6,7,22,1.195,1
7,27,10,1.63,1
12,19,10,1.969,1
1,8,22,1.301,0
9,16,22,1.214,0
12,14,18,1.188,0
11,3,9,1.501,0
4,14,22,1.771,1
6,23,19,1.791,1
8,13,15,1.371,0
5,5,21,1.553,0
11,3,23,1.594,0
4,1,9,1.815,1
9,16,8,1.303,0
8,17,11,1.145,0
1,13,16,1.144,0
8,24,22,1.551,0
8,25,5,1.185,0
9,19,0,1.292,0
1,24,11,1.997,1
2,24,17,1.133,0
3,6,15,1.782,1
4,27,3,1.177,0
9,5,13,1.52,0
2,4,13,1.168,0
2,21,11,1.772,0
8,18,10,1.583,0
1,17,12,1.83,1
5,31,13,1.079,0
12,10,13,1.806,1
7,31,6,1.908,1
6,26,5,1.992,1
5,29,10,1.083,0
8,10,6,1.832,1
6,4,7,1.781,1
2,7,16,1.774,0
2,3,14,1.741,1
7,9,1,1.647,1
12,12,4,1.154,0
1,2,4,1.315,1
6,24,17,1.054,0
12,1,20,1.105,0
6,24,14,1.616,1
6,15,0,1.695,1
12,19,20,1.272,0
4,30,16,1.688,1
7,9,8,1.617,1
6,4,23,1.48,0
1,5,7,1.427,0
6,24,13,1.967,1
10,7,4,1.831,1
7,6,6,1.788,1
12,3,1,1.126,0
11,31,3,1.724,1
8,17,14,1.905,1
9,17,10,1.742,1
7,29,13,1.89,1
8,6,19,1.366,0
10,9,11,1.0,0
11,16,12,1.63,1
4,7,6,1.027,0
7,23,23,1.524,0
6,10,23,1.153,0
11,15,1,1.874,1
7,8,13,1.697,1
5,1,0,1.532,0
4,24,12,1.334,0
4,31,7,1.545,0
2,7,6,1.574,1
6,3,10,1.335,0
5,30,7,1.527,0
2,22,13,1.294,0
9,6,21,1.353,0
3,24,10,1.361,0
7,5,22,1.549,0
9,6,7,1.903,1
11,30,14,1.807,1
7,29,16,1.033,0
4,25,8,1.986,1
11,11,5,1.442,0
8,31,1,1.694,1
5,21,11,1.516,0
3,24,2,1.746,1
8,26,15,1.375,0
3,11,14,1.944,1
4,31,9,1.815,1
12,31,16,1.143,0
9,15,20,1.979,1
12,22,11,1.146,0
2,15,21,1.836,1
6,25,1,1.093,0
9,31,22,1.157,0
7,16,21,1.466,0
11,19,2,1.131,0
9,5,17,1.53,0
1,2,7,1.648,1
2,3,2,1.427,0
3,20,2,1.863,1
12,3,1,1.954,0
6,24,8,1.353,0
2,29,11,1.284,0
4,26,3,1.814,1
9,8,22,1.85,1
12,4,19,1.741,1
9,1,20,1.728,1
11,30,17,1.78,1
4,16,18,1.098,0
9,20,2,1.076,0
6,2,21,1.548,0
4,15,19,1.25,0
6,2,22,1.209,0
6,11,7,1.265,1
7,9,15,1.776,1
8,31,17,1.777,0
6,25,19,1.376,0
8,24,16,1.54,0
1,5,0,1.007,0
9,11,15,1.966,0
2,10,20,1.017,0
2,24,21,1.323,1
10,4,5,1.969,1
7,28,17,1.762,1
6,7,6,1.623,1
7,22,14,1.959,1
8,19,10,1.06,0
4,11,6,1.957,1
9,24,6,1.888,1
12,10,6,1.926,0
4,27,5,1.25,0
12,13,20,1.176,1
4,29,11,1.07,0
8,25,0,1.075,0
5,21,23,1.945,1
1,7,15,1.768,1
2,3,4,1.73,0
2,15,21,1.37,0
11,14,19,1.888,1
12,22,4,1.986,1
5,21,3,1.271,0
9,30,2,1.392,0
11,6,18,1.735,1
12,12,12,1.445,0
1,26,16,1.324,0
4,21,6,1.688,1
6,18,20,1.405,0
2,14,7,1.069,0
5,12,16,1.368,0
1,12,7,1.543,0
6,11,14,1.39,0
8,17,17,1.592,0
3,12,11,1.67,0
8,29,14,1.752,0
7,31,0,1.625,1
9,31,15,1.017,0
11,26,21,1.152,0
5,24,11,1.305,0
6,8,23,1.881,0
9,10,8,1.671,1
2,6,5,1.66,1
6,8,9,1.976,0
4,24,23,1.856,0
2,6,7,1.082,0
2,13,17,1.805,1
10,11,9,1.715,1
12,27,21,1.083,0
12,28,16,1.293,0
3,1,0,1.951,0
6,1,13,1.726,0
6,6,20,1.657,1
4,30,17,1.56,0
9,14,16,1.735,1
6,29,18,1.751,1
10,12,20,1.626,1
9,19,20,1.875,1
9,2,15,1.067,0
2,28,13,1.611,1
10,11,20,1.817,1
6,19,3,1.433,0
9,16,5,1.613,1
11,30,15,1.116,0
12,1,5,1.255,0
11,28,6,1.123,0
4,28,22,1.022,0
4,4,2,1.08,0
1,9,14,1.308,0
12,31,23,1.012,0
11,13,15,1.997,0
10,5,5,1.171,0
5,23,3,1.578,0
1,16,4,1.352,0
1,18,19,1.487,0
12,23,11,1.989,1
6,7,6,1.248,0
3,4,18,1.326,0
12,27,21,1.026,0
5,4,2,1.325,0
5,25,19,1.83,1
2,4,2,1.72,1
3,10,3,1.688,1
6,15,7,1.31,0
5,23,15,1.538,1
6,30,11,1.812,1
3,12,22,1.071,0
5,30,15,1.966,1
12,1,0,1.985,1
5,28,17,1.745,1
5,8,9,1.47,0
4,24,0,1.39,0
3,8,3,1.084,0
7,29,22,1.144,0
3,17,12,1.49,0
12,4,17,1.218,0
9,24,15,1.998,1
1,5,3,1.474,0
6,28,0,1.251,0
7,11,8,1.423,0
3,8,19,1.718,1
11,10,1,1.897,1
6,13,14,1.134,0
1,12,10,1.363,0
6,2,10,1.982,1
12,31,14,1.898,1
4,24,20,1.677,1
1,9,7,1.524,0
5,24,17,1.958,1
7,17,3,1.278,0
12,20,12,1.628,1
8,20,3,1.207,0
12,17,15,1.307,0
11,19,5,1.336,0
2,23,3,1.544,0
8,7,22,1.333,0
8,28,8,1.701,0
11,18,18,1.354,0
12,27,1,1.61,1
12,22,23,1.31,0
11,26,16,1.201,0
12,3,10,1.884,1
6,6,3,1.409,0
6,20,6,1.081,0
12,15,19,1.228,0
3,4,5,1.78,1
5,28,7,1.184,0
4,25,7,1.021,0
7,9,5,1.063,0
4,16,10,1.931,1
9,10,22,1.498,0
4,18,17,1.507,0
10,9,2,1.715,1
3,1,10,1.342,0
8,11,23,1.262,0
6,1,13,1.766,1
2,19,3,1.995,1
8,9,20,1.0,0
6,8,17,1.71,1
10,9,3,1.385,0
6,19,0,1.643,1
10,28,0,1.919,1
6,7,20,1.242,1
10,9,7,1.693,1
4,14,16,1.587,0
3,6,13,1.211,0
2,1,23,1.748,1
10,7,10,1.843,1
1,7,6,1.995,1
5,4,18,1.169,1
10,13,6,1.189,1
8,7,12,1.239,1
6,13,19,1.386,1
12,10,16,1.731,1
11,11,4,1.928,1
11,31,6,1.71,1
8,8,11,1.679,1
1,22,3,1.405,0
11,8,21,1.16,0
7,19,17,1.667,1
7,28,10,1.825,0
2,16,20,1.709,1
3,10,10,1.867,1
4,15,9,1.815,0
3,28,15,1.415,0
11,25,18,1.019,1
2,24,4,1.81,1
3,4,1,1.147,0
1,22,6,1.226,0
4,20,3,1.302,0
12,27,12,1.361,0
5,24,18,1.853,1
10,1,3,1.468,0
6,8,16,1.781,1
5,3,0,1.19,0
10,19,11,1.451,1
5,23,12,1.315,0
7,3,2,1.879,0
1,15,16,1.12,0
2,29,19,1.856,1
1,16,22,1.985,1
4,2,6,1.852,1
10,24,22,1.433,0
5,21,23,1.608,1
10,3,21,1.94,1
7,14,22,1.987,1
4,8,10,1.057,0
9,22,7,1.871,0
6,26,5,1.714,1
11,2,0,1.16,1
10,15,16,1.745,0
1,3,22,1.332,0
3,20,22,1.004,0
2,9,5,1.529,1
4,15,9,1.221,0
9,14,11,1.667,1
6,13,6,1.536,0
7,19,9,1.228,0
10,3,12,1.364,0
6,25,19,1.328,0
12,22,1,1.553,0
8,12,11,1.514,0
7,12,23,1.785,1
10,16,20,1.563,0
9,7,18,1.646,1
12,8,16,1.582,0
7,26,13,1.721,1
11,12,19,1.398,1
2,13,14,1.881,0
12,9,23,1.029,0
3,30,7,1.692,1
2,22,21,1.297,0
2,26,6,1.943,1
9,10,5,1.308,0
6,20,21,1.479,1
12,14,2,1.662,1
4,14,12,1.316,0
3,21,0,1.865,0
3,4,9,1.528,0
10,19,20,1.653,1
12,19,18,1.104,0
1,16,5,1.124,0
11,30,11,1.274,0
1,24,23,1.609,1
4,3,6,1.259,0
1,27,16,1.924,1
8,16,3,1.883,0
5,12,18,1.756,0
6,21,22,1.205,0
7,19,18,1.655,1
2,24,11,1.578,0
8,25,11,1.756,1
1,21,21,1.311,0
8,26,11,1.93,1
6,6,3,1.709,1
4,18,2,1.137,0
3,15,22,1.309,0
9,27,10,1.726,1
4,4,8,1.012,0
9,19,15,1.678,0
7,23,9,1.118,0
7,8,19,1.601,1
4,5,10,1.433,1
9,8,5,1.11,1
1,6,7,1.473,0
8,17,14,1.24,0
9,10,18,1.479,0
8,17,12,1.138,1
6,26,23,1.118,0
10,15,14,1.84,1
10,7,8,1.408,0
9,21,17,1.3,1
6,9,17,1.919,1
6,6,15,1.106,0
5,3,12,1.053,0
6,19,1,1.035,0
10,25,23,1.4,0
1,28,14,1.317,0
9,6,11,1.071,0
8,2,16,1.226,1
1,26,8,1.639,1
10,27,4,1.16,0
7,21,9,1.718,1
3,3,5,1.477,0
2,17,20,1.937,1
6,12,18,1.324,1
8,7,1,1.758,1
7,15,5,1.368,0
3,20,10,1.785,1
10,18,19,1.459,0
8,11,16,1.559,0
10,10,18,1.959,1
9,1,7,1.063,0
6,3,9,1.716,1
10,22,4,1.687,1
8,27,0,1.066,0
10,5,19,1.964,0
3,22,1,1.29,0
5,13,4,1.741,1
8,24,7,1.738,1
7,18,3,1.676,1
6,8,17,1.476,0
5,22,21,1.227,0
2,22,12,1.528,0
12,2,11,1.935,1
1,25,9,1.855,1
3,4,13,1.034,0
8,28,4,1.983,1
11,2,11,1.916,1
9,19,23,1.449,0
8,26,2,1.095,0
7,3,11,1.231,0
4,18,6,1.178,0
4,23,10,1.923,1
12,17,12,1.485,0
5,26,10,1.737,1
6,26,7,1.397,0
6,11,17,1.155,0
1,22,4,1.618,1
7,14,9,1.28,0
12,18,4,1.573,0
1,22,19,1.711,1
12,8,9,1.213,0
4,7,22,1.017,1
12,21,1,1.194,0
5,2,2,1.109,0
12,9,21,1.672,1
10,26,0,1.316,0
4,29,17,1.868,1
7,14,15,1.682,1
12,24,3,1.658,1
12,15,12,1.989,1
9,11,4,1.011,0
12,31,12,1.613,1
1,9,17,1.796,1
12,31,18,1.141,0
9,24,7,1.241,0
1,29,22,1.747,1
12,2,4,1.066,0
4,21,8,1.762,1
6,5,0,1.552,0
12,10,4,1.709,1
3,28,3,1.688,1
12,18,15,1.629,1
11,12,4,1.917,1
4,7,15,1.987,0
8,25,20,1.025,0
2,21,8,1.288,0
10,13,20,1.454,0
2,25,22,1.884,1
10,29,22,1.777,1
9,6,17,1.927,1
7,26,2,1.888,0
4,8,14,1.027,0
1,5,4,1.305,1
3,28,3,1.214,0
7,8,16,1.271,0
4,14,21,1.273,0
10,16,22,1.136,0
5,7,16,1.573,0
10,14,1,1.745,1
1,8,9,1.346,0
3,2,15,1.369,0
3,7,2,1.636,1
9,15,12,1.636,1
6,8,21,1.452,0
9,10,19,1.006,0
12,1,14,1.408,0
6,12,20,1.963,1
5,8,8,1.5,0
3,21,4,1.375,0
5,11,17,1.67,1
8,29,1,1.174,0
12,8,13,1.882,1
9,24,4,1.415,0
3,7,13,1.24,0
5,10,7,1.566,0
5,23,22,1.491,0
6,17,7,1.261,0
8,22,2,1.674,1
12,31,14,1.821,1
6,17,7,1.365,0
9,13,3,1.475,0
5,5,22,1.24,0
2,15,3,1.782,1
8,7,13,1.537,0
6,30,15,1.623,0
8,2,5,1.421,0
9,3,17,1.215,0
6,13,14,1.117,1
11,16,10,1.319,0
2,1,6,1.221,0
3,12,16,1.8,1
3,10,7,1.673,1
6,27,9,1.052,0
1,20,3,1.056,0
1,18,3,1.698,1
7,7,10,1.086,0
12,27,6,1.148,0
3,10,18,1.664,1
8,27,5,1.458,0
11,20,15,1.795,0
4,9,4,1.135,0
3,25,1,1.53,0
10,17,3,1.484,0
11,8,20,1.952,0
9,21,2,1.779,1
11,10,12,1.352,0
3,19,22,1.324,0
12,8,16,1.378,0
4,18,21,1.173,0
6,15,0,1.104,0
7,13,2,1.591,0
10,10,22,1.978,1
7,11,12,1.699,1
11,25,4,1.091,0
10,21,9,1.825,1
8,24,12,1.87,1
10,18,5,1.37,0
7,8,10,1.301,0
9,25,20,1.067,0
8,6,17,1.122,0
3,2,23,1.959,0
4,29,12,1.047,0
4,23,17,1.976,1
6,20,15,1.607,1
9,21,1,1.653,1
6,18,0,1.508,0
12,18,12,1.378,0
7,6,5,1.843,1
2,20,13,1.767,1
3,20,5,1.94,1
6,3,7,1.663,0
1,14,8,1.403,0
5,14,13,1.03,0
11,26,6,1.318,0
7,19,0,1.929,1
6,17,11,1.265,0
6,10,19,1.508,0
5,21,10,1.769,1
4,5,19,1.537,0
8,20,17,1.041,0
11,7,15,1.286,0
7,24,9,1.344,0
9,19,19,1.939,1
8,17,15,1.841,1
12,18,17,1.448,0
6,14,19,1.063,0
10,29,2,1.762,1
7,25,6,1.503,0
1,18,12,1.901,1
12,6,17,1.201,1
7,14,15,1.85,1
3,16,15,1.597,0
2,24,14,1.906,1
3,9,10,1.757,1
4,9,15,1.394,0
8,23,20,1.699,1
9,8,15,1.589,1
5,22,22,1.512,0
6,28,0,1.324,0
11,15,1,1.175,0
3,12,19,1.938,1
1,14,11,1.612,1
12,15,5,1.106,0
11,24,4,1.513,0
7,31,8,1.216,0
2,10,2,1.051,0
5,31,1,1.631,1
10,31,2,1.125,0
2,18,22,1.857,1
3,8,8,1.924,1
1,23,7,1.847,0
12,31,12,1.539,0
10,18,1,1.998,1
3,9,1,1.572,1
5,18,1,1.481,1
9,31,14,1.572,0
1,6,1,1.381,0
7,9,19,1.257,0
3,21,22,1.957,1
4,31,23,1.637,1
11,25,6,1.202,0
12,8,20,1.402,0
1,5,17,1.712,1
7,23,0,1.855,1
3,4,20,1.828,1
11,1,10,1.645,1
11,7,8,1.849,1
12,8,10,1.678,1
4,7,8,1.926,1
1,15,8,1.554,0
10,22,12,1.037,0
12,13,0,1.283,1
11,29,13,1.052,0
3,25,6,1.299,0
9,28,19,1.709,1
4,4,14,1.817,1
10,18,11,1.777,1
11,24,4,1.196,0
9,1,22,1.667,1
9,12,6,1.778,1
12,13,11,1.33,0
3,26,19,1.907,1
4,6,1,1.154,0
5,25,14,1.858,1
2,29,21,1.281,0
1,15,11,1.424,0
2,31,2,1.855,1
12,24,15,1.362,0
9,8,6,1.964,1
12,21,6,1.873,1
2,8,4,1.029,1
8,5,2,1.866,1
7,13,15,1.443,0